Date,Ticker,Actual_Price,Predicted_Price,Lower_CI_Price,Upper_CI_Price
2021-11-11,^NYA,17297.6603,17231.8444,16783.1331,17680.5567
2021-11-12,^NYA,17285.5508,17309.4200,16858.6948,17760.1452
2021-11-15,^NYA,17302.7897,17295.6807,16845.2710,17746.0904
2021-11-16,^NYA,17192.6599,17311.9555,16861.0966,17762.8144
2021-11-17,^NYA,17117.7398,17201.2723,16753.2841,17649.2615
2021-11-18,^NYA,16973.9610,17127.6106,16681.5735,17573.6476
2021-11-19,^NYA,16945.7793,16985.9479,16543.6573,17428.2385
2021-11-22,^NYA,17007.9012,16960.7098,16519.1546,17402.2661
2021-11-23,^NYA,17036.8105,17024.4265,16581.2516,17467.6015
2021-11-24,^NYA,16624.8687,17051.1856,16607.2563,17495.1118
2021-11-26,^NYA,16683.9814,16637.0693,16203.8760,17070.2636
2021-11-29,^NYA,16318.9693,16700.4445,16265.7099,17135.1790
2021-11-30,^NYA,16133.8899,16338.9487,15913.7262,16764.1722
2021-12-01,^NYA,16475.2502,16161.0737,15740.6729,16581.4745
2021-12-02,^NYA,16347.8697,16512.1202,16082.8246,16941.4159
2021-12-03,^NYA,16591.9713,16368.0774,15942.1009,16794.0539
2021-12-06,^NYA,16853.5700,16616.9538,16184.6177,17049.2908
2021-12-07,^NYA,16899.9203,16868.1122,16428.9596,17307.2658
2021-12-08,^NYA,16780.4706,16908.8749,16468.5136,17349.2362
2021-12-09,^NYA,16856.6315,16790.6607,16353.4129,17227.9095
2021-12-10,^NYA,16719.5701,16868.6254,16429.3931,17307.8587
2021-12-13,^NYA,16652.5803,16730.7199,16295.0579,17166.3818
2021-12-14,^NYA,16813.5711,16666.8969,16232.9816,17100.8133
2021-12-15,^NYA,16849.0891,16830.9800,16392.8687,17269.0912
2021-12-16,^NYA,16668.6411,16863.7403,16424.7045,17302.7772
2021-12-17,^NYA,16442.3109,16681.8267,16247.4919,17116.1616
2021-12-20,^NYA,16744.2701,16458.2264,16029.7890,16886.6637
2021-12-21,^NYA,16874.8805,16764.8790,16328.5735,17201.1845
2021-12-22,^NYA,16963.4394,16886.6168,16446.9089,17326.3256
2021-12-23,^NYA,17141.0897,16972.9276,16530.9122,17414.9440
2021-12-27,^NYA,17134.1597,17148.2335,16701.5890,17594.8790
2021-12-28,^NYA,17149.9307,17139.0030,16692.5381,17585.4679
2021-12-29,^NYA,17164.2407,17155.4026,16708.5268,17602.2784
2021-12-30,^NYA,17164.1308,17169.5950,16722.3463,17616.8437
2021-12-31,^NYA,17226.0998,17169.1950,16721.9502,17616.4409
2022-01-03,^NYA,17336.7592,17231.6277,16782.7671,17680.4882
2022-01-04,^NYA,17112.6000,17342.0567,16890.3117,17793.7987
2022-01-05,^NYA,17156.5204,17117.0202,16671.1161,17562.9213
2022-01-06,^NYA,17166.2793,17163.8455,16716.7980,17610.8930
2022-01-07,^NYA,17119.5604,17176.1019,16728.8001,17623.4037
2022-01-10,^NYA,17294.5397,17129.5075,16683.4240,17575.5919
2022-01-11,^NYA,17353.7605,17304.3856,16853.7417,17755.0274
2022-01-12,^NYA,17259.0192,17361.2175,16909.0316,17813.4045
2022-01-13,^NYA,17219.0610,17265.5992,16815.8809,17715.3176
2022-01-14,^NYA,16950.9097,17226.1895,16777.5113,17674.8646
2022-01-18,^NYA,16818.9803,16958.6030,16516.9140,17400.2929
2022-01-19,^NYA,16663.7691,16829.6470,16391.3957,17267.8992
2022-01-20,^NYA,16397.3394,16680.2096,16246.0017,17114.4175
2022-01-21,^NYA,16413.9706,16418.4058,15991.1412,16845.6714
2022-01-24,^NYA,16340.3206,16441.8576,16014.1586,16869.5565
2022-01-25,^NYA,16236.5099,16367.6301,15941.8493,16793.4080
2022-01-26,^NYA,16152.1201,16262.2680,15839.1932,16685.3428
2022-01-27,^NYA,16397.8599,16177.4056,15756.5306,16598.2814
2022-01-28,^NYA,16659.7702,16422.8336,15995.5555,16850.1127
2022-01-31,^NYA,16829.7214,16674.1859,16240.0822,17108.2896
2022-02-01,^NYA,16904.5201,16837.5230,16398.9919,17276.0552
2022-02-02,^NYA,16677.3911,16911.0850,16470.6038,17351.5661
2022-02-03,^NYA,16701.5798,16683.5100,16248.9471,17118.0728
2022-02-04,^NYA,16722.7602,16708.9328,16273.7396,17144.1259
2022-02-07,^NYA,16853.7113,16731.6907,16295.9456,17167.4357
2022-02-08,^NYA,17069.6611,16863.2764,16424.1191,17302.4336
2022-02-09,^NYA,16855.9610,17079.1284,16634.3452,17523.9126
2022-02-10,^NYA,16664.9898,16863.3173,16424.1025,17302.5332
2022-02-11,^NYA,16531.3105,16674.3313,16240.0916,17108.5711
2022-02-14,^NYA,16745.8295,16544.8314,16114.0750,16975.5879
2022-02-15,^NYA,16770.3601,16763.8563,16327.5091,17200.2005
2022-02-16,^NYA,16492.0512,16780.9970,16344.0127,17217.9824
2022-02-17,^NYA,16392.3202,16500.5577,16070.8242,16930.2911
2022-02-18,^NYA,16215.6203,16404.5355,15977.4007,16831.6683
2022-02-22,^NYA,16019.5796,16231.5388,15809.0083,16654.0693
2022-02-23,^NYA,15995.9898,16039.5191,15622.0968,16456.9414
2022-02-24,^NYA,16427.9613,16021.2772,15604.4696,16438.0848
2022-02-25,^NYA,16313.8901,16452.5443,16024.4808,16880.6078
2022-02-28,^NYA,16069.1601,16318.5182,15893.4271,16743.6093
2022-03-01,^NYA,16380.9095,16079.3760,15660.6609,16498.0883
2022-03-02,^NYA,16287.4903,16394.9817,15968.1443,16821.8192
2022-03-03,^NYA,16129.6598,16291.8026,15867.3994,16716.2058
2022-03-04,^NYA,15708.2303,16137.6859,15717.3953,16557.9766
2022-03-07,^NYA,15625.9293,15719.5370,15310.2276,16128.8465
2022-03-08,^NYA,15977.5398,15647.7891,15240.6233,16054.9522
2022-03-09,^NYA,15929.5595,16007.1329,15590.8061,16423.4598
2022-03-10,^NYA,15753.7005,15940.6893,15525.6127,16355.7659
2022-03-11,^NYA,15694.3492,15768.6602,15358.1651,16179.1526
2022-03-14,^NYA,15895.6691,15712.7725,15303.8257,16121.7202
2022-03-15,^NYA,16261.4996,15914.8483,15500.6548,16329.0419
2022-03-16,^NYA,16483.5809,16271.9312,15848.2052,16695.6572
2022-03-17,^NYA,16612.6410,16484.7276,16055.2159,16914.2404
2022-03-18,^NYA,16606.6698,16615.0191,16182.1424,17047.8927
2022-03-21,^NYA,16735.4811,16609.2178,16176.4987,17041.9378
2022-03-22,^NYA,16558.5298,16738.0062,16301.9297,17174.0827
2022-03-23,^NYA,16701.8209,16560.2190,16128.7543,16991.6847
2022-03-24,^NYA,16792.8016,16706.8635,16271.6641,17142.0630
2022-03-25,^NYA,16798.7203,16796.7905,16359.2204,17234.3586
2022-03-28,^NYA,17014.7593,16801.5323,16363.8090,17239.2567
2022-03-29,^NYA,16932.7600,17018.0761,16574.7224,17461.4297
2022-03-30,^NYA,16670.9104,16934.4836,16493.2666,17375.7006
2022-03-31,^NYA,16787.7491,16676.1189,16241.7250,17110.5129
2022-04-01,^NYA,16829.7504,16798.5328,16361.0953,17235.9713
2022-04-04,^NYA,16645.0505,16841.1436,16402.6117,17279.6764
2022-04-05,^NYA,16587.0999,16656.6348,16222.9146,17090.3550
2022-04-06,^NYA,16631.4493,16603.3691,16171.1580,17035.5773
2022-04-07,^NYA,16689.9485,16650.8532,16217.4884,17084.2189
2022-04-08,^NYA,16534.1996,16707.7422,16272.8511,17142.6303
2022-04-11,^NYA,16465.9897,16547.8190,16116.9873,16978.6507
2022-04-12,^NYA,16614.7898,16478.8826,16049.8291,16907.9369
2022-04-13,^NYA,16511.5097,16627.6929,16194.7613,17060.6246
2022-04-14,^NYA,16466.2107,16519.4205,16089.1800,16949.6590
2022-04-18,^NYA,16658.8995,16473.3540,16044.2939,16902.4142
2022-04-19,^NYA,16761.3488,16665.5809,16231.4999,17099.6620
2022-04-20,^NYA,16499.3296,16763.5715,16326.8209,17200.3221
2022-04-21,^NYA,16056.8701,16498.6751,16068.7520,16928.5982
2022-04-22,^NYA,16054.7598,16056.9811,15638.5881,16475.3751
2022-04-25,^NYA,15694.2400,16064.7789,15646.4400,16483.1179
2022-04-26,^NYA,15741.8209,15710.2664,15301.3224,16119.2113
2022-04-27,^NYA,16032.6795,15767.8202,15357.6355,16178.0030
2022-04-28,^NYA,15615.2496,16057.1417,15639.3771,16474.9034
2022-04-29,^NYA,15609.2802,15622.7369,15215.8502,16029.6235
2022-05-02,^NYA,15729.5308,15630.2233,15223.4922,16036.9525
2022-05-03,^NYA,16119.6105,15751.2384,15341.3739,16161.1028
2022-05-04,^NYA,15652.6108,16135.1792,15715.1514,16555.2080
2022-05-05,^NYA,15566.5599,15654.3158,15246.4566,16062.1760
2022-05-06,^NYA,15057.8698,15582.5871,15176.9701,15988.2050
2022-05-09,^NYA,15025.7398,15077.3553,14684.9932,15469.7183
2022-05-10,^NYA,14902.1397,15058.4334,14666.9085,15449.9591
2022-05-11,^NYA,14931.0997,14939.3710,14551.0659,15327.6743
2022-05-12,^NYA,15257.3600,14971.1373,14582.0775,15360.1970
2022-05-13,^NYA,15259.8212,15291.1631,14893.6020,15688.7242
2022-05-16,^NYA,15541.9101,15272.7196,14875.0944,15670.3449
2022-05-17,^NYA,15044.5199,15556.4468,15151.4711,15961.4224
2022-05-18,^NYA,15035.8697,15048.1387,14656.1245,15440.1538
2022-05-19,^NYA,15080.9798,15050.5321,14658.7432,15442.3218
2022-05-20,^NYA,15342.9603,15096.5512,14703.5860,15489.5163
2022-05-23,^NYA,15290.3801,15356.0978,14956.3063,15755.8894
2022-05-24,^NYA,15412.1910,15293.5405,14895.1199,15691.9620
2022-05-25,^NYA,15664.0002,15419.3191,15017.7245,15820.9146
2022-05-26,^NYA,15942.6209,15666.8775,15258.7206,16075.0326
2022-05-27,^NYA,15827.0502,15941.5501,15526.1332,16356.9671
2022-05-31,^NYA,15709.6102,15823.4245,15411.0189,16235.8290
2022-06-01,^NYA,15960.5302,15708.7489,15299.4035,16118.0943
2022-06-02,^NYA,15797.1703,15959.7882,15543.9046,16375.6719
2022-06-03,^NYA,15848.4505,15791.2539,15379.6270,16202.8799
2022-06-06,^NYA,16019.5587,15847.6576,15434.6945,16260.6198
2022-06-07,^NYA,15843.8298,16018.6716,15601.2498,16436.0933
2022-06-08,^NYA,15472.4601,15841.5882,15428.7463,16254.4309
2022-06-09,^NYA,15096.6907,15474.5903,15071.4243,15877.7563
2022-06-10,^NYA,14527.9007,15109.1495,14715.7750,15502.5241
2022-06-13,^NYA,14444.6395,14555.2032,14176.6496,14933.7567
2022-06-14,^NYA,14595.2298,14488.8348,14112.4508,14865.2189
2022-06-15,^NYA,14142.1908,14647.7472,14267.4392,15028.0552
2022-06-16,^NYA,14097.0501,14181.8221,13813.3181,14550.3235
2022-06-17,^NYA,14414.2508,14149.0831,13781.7570,14516.4100
2022-06-21,^NYA,14352.7799,14464.8182,14089.2252,14840.4087
2022-06-22,^NYA,14402.1199,14378.0943,14004.1038,14752.0830
2022-06-23,^NYA,14811.5499,14433.3087,14058.0326,14808.5848
2022-06-24,^NYA,14835.2999,14835.9232,14449.9794,15221.8678
2022-06-27,^NYA,14667.3201,14841.6965,14455.1321,15228.2582
2022-06-28,^NYA,14599.5894,14680.1384,14297.9529,15062.3249
2022-06-29,^NYA,14487.6399,14614.7244,14234.3037,14995.1460
2022-06-30,^NYA,14636.7593,14503.3525,14125.8488,14880.8569
2022-07-01,^NYA,14499.4899,14655.4086,14274.0185,15036.7987
2022-07-05,^NYA,14465.2898,14513.1538,14135.3414,14890.9671
2022-07-06,^NYA,14676.4994,14480.4389,14103.5159,14857.3593
2022-07-07,^NYA,14642.3299,14691.0845,14308.6588,15073.5101
2022-07-08,^NYA,14502.4299,14648.9351,14267.4007,15030.4703
2022-07-11,^NYA,14395.0403,14507.2012,14129.3105,14885.0894
2022-07-12,^NYA,14340.2800,14399.7316,14024.6400,14774.8233
2022-07-13,^NYA,14171.2403,14346.1011,13972.4363,14719.7659
2022-07-14,^NYA,14449.6795,14177.3151,13808.0542,14546.5735
2022-07-15,^NYA,14403.1798,14458.3682,14081.8536,14834.8835
2022-07-18,^NYA,14766.6001,14402.8964,14027.5927,14778.2001
2022-07-19,^NYA,14778.4694,14766.6155,14381.8430,15151.3888
2022-07-20,^NYA,14871.1297,14770.7886,14385.7059,15155.8712
2022-07-21,^NYA,14790.7903,14865.6493,14478.1531,15253.1456
2022-07-22,^NYA,14899.0893,14783.5248,14398.1211,15168.9276
2022-07-25,^NYA,14793.5498,14893.1186,14504.8929,15281.3442
2022-07-26,^NYA,15031.0407,14786.5927,14401.1171,15172.0683
2022-07-27,^NYA,15198.8100,15026.5130,14634.8500,15418.1777
2022-07-28,^NYA,15327.7093,15193.5262,14797.4917,15589.5617
2022-07-29,^NYA,15286.0095,15324.1835,14924.7892,15723.5777
2022-08-01,^NYA,15162.6800,15284.4709,14886.1633,15682.7776
2022-08-02,^NYA,15267.1605,15163.8076,14768.7145,15558.9016
2022-08-03,^NYA,15224.2103,15270.9621,14873.1456,15668.7786
2022-08-04,^NYA,15273.2313,15227.6437,14830.9473,15624.3410
2022-08-05,^NYA,15305.7993,15279.6539,14881.6802,15677.6286
2022-08-08,^NYA,15264.7902,15313.2989,14914.4756,15712.1222
2022-08-09,^NYA,15552.7001,15273.5446,14875.7899,15671.2993
2022-08-10,^NYA,15602.9295,15562.7509,15157.4941,15968.0077
2022-08-11,^NYA,15804.3804,15609.4490,15202.8844,16016.0147
2022-08-12,^NYA,15794.3305,15811.7672,15399.9514,16223.5801
2022-08-15,^NYA,15846.7895,15800.7788,15389.2268,16212.3317
2022-08-16,^NYA,15734.1099,15854.7147,15441.7939,16267.6327
2022-08-17,^NYA,15763.8995,15742.6746,15332.6917,16152.6584
2022-08-18,^NYA,15588.3198,15774.0067,15363.2458,16184.7649
2022-08-19,^NYA,15341.8493,15599.5108,15193.3268,16005.6958
2022-08-22,^NYA,15338.1507,15355.3889,14955.6253,15755.1497
2022-08-23,^NYA,15392.0604,15358.5577,14958.8915,15758.2240
2022-08-24,^NYA,15595.2409,15414.8671,15013.7970,15815.9381
2022-08-25,^NYA,15178.2103,15614.3778,15208.0125,16020.7430
2022-08-26,^NYA,15118.8495,15189.1965,14793.6978,15584.6952
2022-08-29,^NYA,14931.4196,15135.9986,14742.0466,15529.9505
2022-08-30,^NYA,14801.2405,14953.2352,14564.1671,15342.3032
2022-08-31,^NYA,14771.9002,14827.1670,14441.4919,15212.8430
2022-09-01,^NYA,14689.5004,14801.4984,14416.5869,15186.4099
2022-09-02,^NYA,14631.5194,14717.0610,14334.2966,15099.8253
2022-09-06,^NYA,14844.5699,14658.0926,14276.8399,15039.3462
2022-09-07,^NYA,14961.7699,14869.1980,14482.3929,15256.0030
2022-09-08,^NYA,15190.7904,14975.4229,14585.5648,15365.2818
2022-09-09,^NYA,15352.1796,15200.1722,14804.3457,15595.9969
2022-09-12,^NYA,14820.7899,15356.8941,14956.8623,15756.9259
2022-09-13,^NYA,14843.2104,14824.3289,14438.1444,15210.5143
2022-09-14,^NYA,14722.0302,14851.0415,14464.2719,15237.8111
2022-09-15,^NYA,14573.9098,14734.6505,14351.0385,15118.2625
2022-09-16,^NYA,14674.4608,14589.8121,14210.0605,14969.5645
2022-09-19,^NYA,14474.7195,14694.1015,14311.7290,15076.4739
2022-09-20,^NYA,14236.6108,14489.1365,14111.9695,14866.3043
2022-09-21,^NYA,14116.5897,14254.8155,13883.8530,14625.7790
2022-09-22,^NYA,13796.9904,14140.3834,13772.5481,14508.2194
2022-09-23,^NYA,13580.3901,13823.5674,13464.0600,14183.0757
2022-09-26,^NYA,13541.7601,13613.9253,13260.0619,13967.7896
2022-09-27,^NYA,13833.1803,13581.8494,13228.9917,13934.7071
2022-09-28,^NYA,13608.2897,13872.0229,13511.5717,14232.4741
2022-09-29,^NYA,13472.1797,13625.3949,13270.8044,13979.9862
2022-09-30,^NYA,13855.7203,13498.0429,13146.9974,13849.0859
2022-10-03,^NYA,14319.4910,13883.5795,13522.5409,14244.6180
2022-10-04,^NYA,14262.0304,14326.8901,13953.7680,14700.0132
2022-10-05,^NYA,14087.3798,14261.1836,13889.5578,14632.8094
2022-10-06,^NYA,13798.2594,14098.2604,13731.1854,14465.3353
2022-10-07,^NYA,13693.5705,13811.4172,13451.8767,14170.9585
2022-10-10,^NYA,13608.0896,13713.3158,13356.5024,14070.1293
2022-10-11,^NYA,13546.7995,13632.8626,13278.2766,13987.4487
2022-10-12,^NYA,13888.9690,13573.9851,13220.9953,13926.9725
2022-10-13,^NYA,13607.3096,13916.6612,13554.7554,14278.5645
2022-10-14,^NYA,13923.2105,13615.0519,13260.4870,13969.6177
2022-10-17,^NYA,14089.2008,13940.9712,13578.1732,14303.7667
2022-10-18,^NYA,13947.2594,14090.4666,13723.3442,14457.5889
2022-10-19,^NYA,13840.4699,13947.2182,13583.7944,14310.6420
2022-10-20,^NYA,14144.0503,13843.8240,13483.1828,14204.4652
2022-10-21,^NYA,14226.1107,14148.1622,13779.6098,14516.7121
2022-10-24,^NYA,14440.6906,14220.7836,13850.0938,14591.4734
2022-10-25,^NYA,14531.6905,14437.3396,14061.0585,14813.6199
2022-10-26,^NYA,14569.9000,14525.3762,14146.7238,14904.0285
2022-10-27,^NYA,14795.6306,14564.2538,14184.6059,14943.9018
2022-10-28,^NYA,14747.0299,14789.8421,14404.3122,15175.3710
2022-10-31,^NYA,14790.7091,14740.1504,14355.8878,15124.4147
2022-11-01,^NYA,14497.8494,14786.6026,14401.2010,15172.0033
2022-11-02,^NYA,14455.6701,14494.3110,14116.5404,14872.0806
2022-11-03,^NYA,14702.7702,14458.8528,14082.1813,14835.5242
2022-11-04,^NYA,14808.6295,14711.4297,14328.3204,15094.5398
2022-11-07,^NYA,14889.3000,14812.3512,14426.4835,15198.2197
2022-11-08,^NYA,14587.7601,14894.1418,14506.1722,15282.1124
2022-11-09,^NYA,15234.7204,14592.2829,14212.1687,14972.3945
2022-11-10,^NYA,15352.6913,15245.2278,14848.2575,15642.1990
2022-11-11,^NYA,15228.9801,15347.3243,14947.2801,15747.3695
2022-11-14,^NYA,15380.9996,15232.6259,14835.8052,15629.4475
2022-11-15,^NYA,15265.2502,15388.9851,14988.2024,15789.7661
2022-11-16,^NYA,15223.9597,15268.8458,14871.0792,15666.6125
2022-11-17,^NYA,15309.7691,15231.8781,14835.1873,15628.5689
2022-11-18,^NYA,15278.2598,15319.3402,14920.4134,15718.2669
2022-11-21,^NYA,15481.7603,15285.7508,14887.6451,15683.8565
2022-11-22,^NYA,15545.5187,15490.2623,15086.8549,15893.6706
2022-11-23,^NYA,15605.6697,15548.8719,15143.8022,15953.9416
2022-11-25,^NYA,15370.4401,15609.7050,15203.0680,16016.3420
2022-11-28,^NYA,15433.4605,15374.8947,14974.3871,15775.4024
2022-11-29,^NYA,15780.0198,15441.4282,15039.2784,15843.5779
2022-11-30,^NYA,15761.1199,15788.9887,15377.8087,16200.1688
2022-12-01,^NYA,15767.0198,15763.1249,15352.4373,16173.8125
2022-12-02,^NYA,15474.7898,15772.9195,15362.0782,16183.7608
2022-12-05,^NYA,15328.4598,15480.9312,15077.7045,15884.1560
2022-12-06,^NYA,15311.7905,15337.9144,14938.5006,15737.3281
2022-12-07,^NYA,15399.9396,15327.6319,14928.6525,15726.6113
2022-12-08,^NYA,15291.0499,15416.5729,15015.2966,15817.8492
2022-12-09,^NYA,15468.6705,15303.5727,14905.1337,15702.0116
2022-12-12,^NYA,15562.5392,15482.0851,15079.0179,15885.1523
2022-12-13,^NYA,15494.9802,15569.4210,15163.9087,15974.9342
2022-12-14,^NYA,15182.2800,15499.0590,15095.3062,15902.8117
2022-12-15,^NYA,15018.1695,15186.1226,14790.5188,15581.7274
2022-12-16,^NYA,14938.0305,15025.7644,14634.4368,15417.0929
2022-12-19,^NYA,15000.6201,14953.4658,14564.2255,15342.7062
2022-12-20,^NYA,15219.5493,15019.0995,14628.2292,15409.9707
2022-12-21,^NYA,15081.5306,15233.4601,14836.8842,15630.0360
2022-12-22,^NYA,15188.4507,15086.0159,14693.0373,15478.9954
2022-12-23,^NYA,15218.2600,15194.7384,14798.9729,15590.5039
2022-12-27,^NYA,15037.3202,15221.0354,14824.4932,15617.5777
2022-12-28,^NYA,15241.2093,15038.9354,14647.1088,15430.7630
2022-12-29,^NYA,15184.3094,15245.0890,14847.9497,15642.2293
2022-12-30,^NYA,15154.4500,15186.1342,14790.4765,15581.7918
2023-01-03,^NYA,15350.3002,15156.6506,14761.7719,15551.5302
2023-01-04,^NYA,15225.4001,15352.8360,14952.8532,15752.8189
2023-01-05,^NYA,15539.7400,15225.0592,14828.3308,15621.7875
2023-01-06,^NYA,15514.4400,15540.6035,15135.6844,15945.5226
2023-01-09,^NYA,15608.1695,15511.2982,15107.0393,15915.5580
2023-01-10,^NYA,15749.0891,15606.4851,15199.7830,16013.1863
2023-01-11,^NYA,15859.5489,15745.9376,15335.5645,16156.3117
2023-01-12,^NYA,15918.3703,15855.2846,15442.0332,16268.5370
2023-01-13,^NYA,15883.5593,15914.3519,15499.5678,16329.1360
2023-01-17,^NYA,15649.1303,15879.5729,15465.6958,16293.4518
2023-01-18,^NYA,15569.6297,15646.5928,15238.8233,16054.3622
2023-01-19,^NYA,15777.5496,15571.2558,15165.5579,15976.9537
2023-01-20,^NYA,15880.0889,15784.5108,15373.3960,16195.6265
2023-01-23,^NYA,15868.2194,15884.2527,15470.4660,16298.0402
2023-01-24,^NYA,15889.2699,15872.6064,15459.1291,16286.0847
2023-01-25,^NYA,15985.8692,15896.3840,15482.3572,16310.4107
2023-01-26,^NYA,15962.5800,15994.2341,15577.6911,16410.7780
2023-01-27,^NYA,15818.9006,15970.3420,15554.4049,16386.2790
2023-01-30,^NYA,16036.3888,15827.6711,15415.4788,16239.8642
2023-01-31,^NYA,16121.2494,16047.5520,15629.6927,16465.4123
2023-02-01,^NYA,16122.5799,16130.3055,15710.2340,16550.3770
2023-02-02,^NYA,15999.4006,16130.6619,15710.5558,16550.7681
2023-02-03,^NYA,15895.3603,16007.0047,15590.1082,16423.8993
2023-02-06,^NYA,16021.6196,15903.4382,15489.2537,16317.6237
2023-02-07,^NYA,15934.7194,16031.5747,15614.0983,16449.0482
2023-02-08,^NYA,15828.5995,15942.4700,15527.2598,16357.6810
2023-02-09,^NYA,15910.6899,15837.1964,15424.7514,16249.6423
2023-02-10,^NYA,16052.2508,15921.3271,15506.7422,16335.9121
2023-02-13,^NYA,16025.1107,16061.2897,15643.0162,16479.5633
2023-02-14,^NYA,16016.0897,16030.5911,15613.0257,16448.1575
2023-02-15,^NYA,15873.7807,16020.8974,15603.5660,16438.2287
2023-02-16,^NYA,15840.1597,15877.9433,15464.3192,16291.5646
2023-02-17,^NYA,15572.5199,15845.4493,15432.7021,16258.1964
2023-02-21,^NYA,15530.8297,15579.3752,15173.6029,15985.1484
2023-02-22,^NYA,15584.9304,15542.2848,15137.5988,15946.9717
2023-02-23,^NYA,15464.4599,15600.2404,15194.1438,16006.3370
2023-02-24,^NYA,15492.9292,15476.6935,15073.7360,15879.6510
2023-02-27,^NYA,15428.9697,15505.8857,15102.1864,15909.5850
2023-02-28,^NYA,15436.2992,15440.0219,15037.9892,15842.0547
2023-03-01,^NYA,15524.5203,15447.0536,15044.8308,15849.2774
2023-03-02,^NYA,15721.0604,15534.0690,15129.5456,15938.5896
2023-03-03,^NYA,15694.3396,15727.6489,15318.0042,16137.2907
2023-03-06,^NYA,15439.0194,15697.5466,15288.5991,16106.4941
2023-03-07,^NYA,15440.6391,15442.0471,15039.7525,15844.3399
2023-03-08,^NYA,15140.7903,15445.5413,15043.2045,15847.8782
2023-03-09,^NYA,14894.1798,15148.9519,14754.4292,15543.4755
2023-03-10,^NYA,14764.3702,14908.3786,14520.2817,15296.4763
2023-03-13,^NYA,14944.7400,14788.9791,14404.2639,15173.6944
2023-03-14,^NYA,14662.5495,14975.0658,14585.6515,15364.4810
2023-03-15,^NYA,14830.9804,14682.3169,14300.2557,15064.3791
2023-03-16,^NYA,14599.0502,14857.2740,14470.8240,15243.7250
2023-03-17,^NYA,14777.6994,14616.2688,14235.8612,14996.6763
2023-03-20,^NYA,14985.9506,14800.6843,14415.6217,15185.7469
2023-03-21,^NYA,14741.0804,15000.5545,14610.0656,15391.0417
2023-03-22,^NYA,14693.0195,14748.8226,14364.7142,15132.9310
2023-03-23,^NYA,14758.5711,14706.6483,14323.7931,15089.5044
2023-03-24,^NYA,14894.8502,14774.0333,14389.4701,15158.5975
2023-03-27,^NYA,14949.3500,14908.2661,14520.1509,15296.3812
2023-03-28,^NYA,15123.9599,14958.9052,14569.3700,15348.4405
2023-03-29,^NYA,15200.5893,15133.2720,14739.1869,15527.3553
2023-03-30,^NYA,15374.9110,15207.4593,14811.3775,15603.5412
2023-03-31,^NYA,15487.7595,15381.1528,14980.5296,15781.7769
2023-04-03,^NYA,15374.1108,15492.0967,15088.5321,15895.6613
2023-04-04,^NYA,15368.2593,15378.5419,14977.9386,15779.1452
2023-04-05,^NYA,15379.1293,15372.8270,14972.3753,15773.2760
2023-04-06,^NYA,15427.1798,15385.3247,14984.5907,15786.0588
2023-04-10,^NYA,15520.9204,15433.4987,15031.5135,15835.4848
2023-04-11,^NYA,15500.9300,15527.1774,15122.7497,15931.6061
2023-04-12,^NYA,15630.8893,15506.6026,15102.6948,15910.5104
2023-04-13,^NYA,15601.7804,15636.5412,15229.2470,16043.8353
2023-04-14,^NYA,15668.3397,15606.5676,15200.0329,16013.1033
2023-04-17,^NYA,15684.9596,15673.9003,15265.6312,16082.1703
2023-04-18,^NYA,15653.6204,15691.2705,15282.5674,16099.9736
2023-04-19,^NYA,15582.9404,15660.7932,15252.9077,16068.6797
2023-04-20,^NYA,15578.9298,15591.5153,15185.4705,15997.5600
2023-04-21,^NYA,15606.7108,15589.5229,15183.5836,15995.4631
2023-04-24,^NYA,15363.5305,15619.1769,15212.5128,16025.8411
2023-04-25,^NYA,15228.5798,15375.9568,14975.6293,15776.2844
2023-04-26,^NYA,15431.6403,15243.2666,14846.4563,15640.0778
2023-04-27,^NYA,15545.8803,15451.9506,15049.8492,15854.0529
2023-04-28,^NYA,15535.8892,15560.2886,15155.2105,15965.3677
2023-05-01,^NYA,15314.8897,15546.3721,15141.5543,15951.1908
2023-05-02,^NYA,15233.8497,15324.2627,14925.2025,15723.3228
2023-05-03,^NYA,15117.6700,15244.9328,14847.9843,15641.8813
2023-05-04,^NYA,15380.8710,15131.8313,14737.9101,15525.7525
2023-05-05,^NYA,15391.2700,15397.2877,14996.5092,15798.0671
2023-05-08,^NYA,15352.8097,15399.7774,14998.7279,15800.8278
2023-05-09,^NYA,15349.1702,15360.3536,14960.3054,15760.4019
2023-05-10,^NYA,15263.0704,15355.6985,14955.7451,15755.6519
2023-05-11,^NYA,15246.3600,15268.7562,14871.0464,15666.4661
2023-05-12,^NYA,15322.5594,15252.9434,14855.6689,15650.2179
2023-05-15,^NYA,15129.2496,15329.8349,14930.5758,15729.0949
2023-05-16,^NYA,15313.9206,15135.1151,14740.8922,15529.3381
2023-05-17,^NYA,15345.4291,15322.1222,14923.0882,15721.1571
2023-05-18,^NYA,15324.3203,15351.5963,14951.7395,15751.4504
2023-05-19,^NYA,15318.8500,15329.6418,14930.3359,15728.9477
2023-05-22,^NYA,15172.2692,15323.8551,14924.6917,15723.0184
2023-05-23,^NYA,15022.8892,15176.9866,14781.6436,15572.3305
2023-05-24,^NYA,14975.9698,15029.4227,14637.9712,15420.8742
2023-05-25,^NYA,15078.6909,14986.3904,14596.1624,15376.6193
2023-05-26,^NYA,14994.6393,15091.2821,14698.3765,15484.1858
2023-05-30,^NYA,14887.1394,15004.0330,14613.3185,15394.7484
2023-05-31,^NYA,15031.0897,14896.4496,14508.5363,15284.3639
2023-06-01,^NYA,15345.1896,15041.7782,14650.1130,15433.4434
2023-06-02,^NYA,15275.2101,15352.4399,14952.5893,15752.2878
2023-06-05,^NYA,15391.7997,15276.5957,14878.5704,15674.6219
2023-06-06,^NYA,15469.6303,15395.2970,14994.2337,15796.3612
2023-06-07,^NYA,15502.6397,15471.7174,15068.6252,15874.8097
2023-06-08,^NYA,15499.9101,15504.7668,15100.8144,15908.7191
2023-06-09,^NYA,15548.4704,15502.2956,15098.4143,15906.1768
2023-06-12,^NYA,15667.7902,15551.5911,15146.4436,15956.7358
2023-06-13,^NYA,15642.7305,15671.6395,15263.3847,16079.8951
2023-06-14,^NYA,15826.3495,15646.1187,15238.5160,16053.7214
2023-06-15,^NYA,15795.1199,15830.4248,15418.0375,16242.8120
2023-06-16,^NYA,15648.9195,15798.6431,15387.0686,16210.2147
2023-06-20,^NYA,15656.9994,15654.4716,15246.7086,16062.2356
2023-06-21,^NYA,15600.7001,15665.8657,15257.8921,16073.8402
2023-06-22,^NYA,15469.3499,15611.7806,15205.2731,16018.2881
2023-06-23,^NYA,15518.7399,15482.1697,15079.0857,15885.2546
2023-06-26,^NYA,15646.6792,15534.6334,15130.2615,15939.0053
2023-06-27,^NYA,15617.3601,15662.5808,15254.8752,16070.2864
2023-06-28,^NYA,15737.3808,15629.7502,15222.8076,16036.6900
2023-06-29,^NYA,15875.9106,15748.8481,15338.7791,16158.9171
2023-06-30,^NYA,15918.5002,15884.7900,15471.1114,16298.4687
2023-07-03,^NYA,15835.5307,15925.3561,15510.5677,16340.1446
2023-07-05,^NYA,15641.6695,15841.4899,15428.8643,16254.1164
2023-07-06,^NYA,15671.6290,15647.4279,15239.8538,16055.0030
2023-07-07,^NYA,15748.8708,15679.6781,15271.3233,16088.0338
2023-07-10,^NYA,15897.3095,15758.4412,15348.0718,16168.8077
2023-07-11,^NYA,16011.2794,15904.6095,15490.3732,16318.8458
2023-07-12,^NYA,16106.8505,16014.9488,15597.7428,16432.1529
2023-07-13,^NYA,16040.2303,16108.7524,15689.0552,16528.4468
2023-07-14,^NYA,16054.1700,16041.0967,15623.1363,16459.0551
2023-07-17,^NYA,16156.5107,16055.6244,15637.3018,16473.9480
2023-07-18,^NYA,16230.9403,16158.7979,15737.8086,16579.7881
2023-07-19,^NYA,16263.7095,16233.3745,15810.4438,16656.3023
2023-07-20,^NYA,16289.1197,16266.6550,15842.8724,16690.4385
2023-07-21,^NYA,16369.1403,16293.6970,15869.2523,16718.1427
2023-07-24,^NYA,16385.1700,16375.1225,15948.5927,16801.6533
2023-07-25,^NYA,16418.2113,16390.8754,15963.9279,16817.8239
2023-07-26,^NYA,16270.5996,16424.8243,15997.0159,16852.6337
2023-07-27,^NYA,16363.2604,16277.7917,15853.8295,16701.7548
2023-07-28,^NYA,16427.2899,16373.2588,15946.8813,16799.6364
2023-07-31,^NYA,16356.5098,16439.1367,16011.0917,16867.1826
2023-08-01,^NYA,16174.5402,16368.5169,15942.3162,16794.7186
2023-08-02,^NYA,16125.4203,16187.6746,15766.2155,16609.1347
2023-08-03,^NYA,16071.0592,16141.3058,15721.1257,16561.4840
2023-08-04,^NYA,16208.2303,16089.5836,15670.8209,16508.3473
2023-08-07,^NYA,16176.3496,16227.3860,15805.0481,16649.7240
2023-08-08,^NYA,16135.7699,16191.2617,15769.7545,16612.7689
2023-08-09,^NYA,16135.2194,16148.9477,15728.4969,16569.3956
2023-08-10,^NYA,16143.3791,16147.1433,15726.7088,16567.5788
2023-08-11,^NYA,16116.0499,16153.9143,15733.2661,16574.5624
2023-08-14,^NYA,15911.3093,16125.0794,15705.1434,16545.0154
2023-08-15,^NYA,15818.1105,15919.3102,15504.7100,16333.9112
2023-08-16,^NYA,15734.3802,15827.6707,15415.4981,16239.8433
2023-08-17,^NYA,15750.1694,15747.3727,15337.3829,16157.3636
2023-08-18,^NYA,15746.2101,15764.5033,15354.1019,16174.9055
2023-08-21,^NYA,15690.2801,15758.7339,15348.4349,16169.0330
2023-08-22,^NYA,15823.2695,15700.4236,15291.5819,16109.2653
2023-08-23,^NYA,15683.0095,15832.5387,15420.2317,16244.8457
2023-08-24,^NYA,15766.9100,15689.3046,15280.6532,16097.9568
2023-08-25,^NYA,15879.5899,15774.0901,15363.2516,16184.9285
2023-08-28,^NYA,16041.4901,15886.4898,15472.7153,16300.2644
2023-08-29,^NYA,16074.2192,16046.4278,15628.4346,16464.4210
2023-08-30,^NYA,16000.3705,16077.5060,15658.6609,16496.3520
2023-08-31,^NYA,16091.7895,16003.3914,15586.4697,16420.3132
2023-09-01,^NYA,15942.4808,16095.3159,15676.0120,16514.6197
2023-09-05,^NYA,15891.5302,15946.5437,15531.1314,16361.9570
2023-09-06,^NYA,15864.1900,15896.6566,15482.5718,16310.7423
2023-09-07,^NYA,15878.9906,15871.9499,15458.5766,16285.3231
2023-09-08,^NYA,15949.4410,15887.6636,15473.9047,16301.4225
2023-09-11,^NYA,15953.9104,15957.6579,15542.0642,16373.2526
2023-09-12,^NYA,15926.6395,15960.2547,15544.5436,16375.9659
2023-09-13,^NYA,16089.4810,15931.8893,15516.8878,16346.8879
2023-09-14,^NYA,15973.6793,16094.7857,15675.5430,16514.0294
2023-09-15,^NYA,15952.5191,15976.4655,15560.2383,16392.6899
2023-09-18,^NYA,15929.0099,15955.7923,15540.1175,16371.4672
2023-09-19,^NYA,15859.6197,15933.9621,15518.8988,16349.0224
2023-09-20,^NYA,15601.5995,15865.3373,15452.0831,16278.5915
2023-09-21,^NYA,15569.5097,15608.0533,15201.5224,16014.5824
2023-09-22,^NYA,15593.7310,15579.9778,15174.2839,15985.6726
2023-09-25,^NYA,15381.5796,15607.3731,15201.0472,16013.6990
2023-09-26,^NYA,15394.6905,15393.3318,14992.5339,15794.1297
2023-09-27,^NYA,15478.0705,15409.4655,15008.3260,15810.6051
2023-09-28,^NYA,15398.2103,15492.7963,15089.4841,15896.1084
2023-09-29,^NYA,15230.0094,15408.8161,15007.5858,15810.0473
2023-10-02,^NYA,15043.4203,15240.6816,14843.8332,15637.5301
2023-10-03,^NYA,15070.9097,15056.8214,14664.8349,15448.8078
2023-10-04,^NYA,15072.9906,15089.4007,14696.6979,15482.1035
2023-10-05,^NYA,15214.0189,15091.2857,14698.5287,15484.0426
2023-10-06,^NYA,15318.0797,15230.5274,14834.0956,15626.9592
2023-10-09,^NYA,15450.2410,15329.3815,14930.2383,15728.5248
2023-10-10,^NYA,15487.7800,15459.0680,15056.4820,15861.6550
2023-10-11,^NYA,15329.5498,15495.0159,15091.4516,15898.5810
2023-10-12,^NYA,15323.7002,15336.0810,14936.6389,15735.5232
2023-10-13,^NYA,15484.4997,15331.2007,14931.9101,15730.4886
2023-10-16,^NYA,15541.3794,15493.8901,15090.4104,15897.3698
2023-10-17,^NYA,15324.9604,15548.2737,15143.3128,15953.2355
2023-10-18,^NYA,15196.3697,15330.9868,14931.6643,15730.3094
2023-10-19,^NYA,15033.3099,15204.2540,14808.2830,15600.2259
2023-10-20,^NYA,14946.0096,15045.5837,14653.8607,15437.3068
2023-10-23,^NYA,15025.7606,14962.7311,14573.2828,15352.1793
2023-10-24,^NYA,14914.1199,15044.9741,14653.4478,15436.5004
2023-10-25,^NYA,14858.7003,14928.6954,14540.0789,15317.3127
2023-10-26,^NYA,14675.7803,14873.2195,14486.0454,15260.3910
2023-10-27,^NYA,14825.8900,14689.9144,14307.5084,15072.3213
2023-10-30,^NYA,14919.2004,14842.8671,14456.5489,15229.1854
2023-10-31,^NYA,15002.5499,14931.4666,14542.7160,15320.2145
2023-11-01,^NYA,15332.5999,15011.0753,14620.1538,15401.9950
2023-11-02,^NYA,15475.2000,15338.7227,14939.2011,15738.2443
2023-11-03,^NYA,15440.4997,15476.9417,15073.7043,15880.1772
2023-11-06,^NYA,15388.4906,15443.3236,15040.9913,15845.6567
2023-11-07,^NYA,15352.1901,15391.9188,14990.9409,15792.8968
2023-11-08,^NYA,15235.1796,15356.1636,14956.1315,15756.1957
2023-11-09,^NYA,15388.4412,15240.4829,14843.5007,15637.4661
2023-11-10,^NYA,15403.1398,15396.6642,14995.6876,15797.6409
2023-11-13,^NYA,15732.6691,15409.9703,15008.6115,15811.3300
2023-11-14,^NYA,15765.0201,15740.3031,15330.3569,16150.2494
2023-11-15,^NYA,15716.5496,15767.7878,15356.9977,16178.5751
2023-11-16,^NYA,15813.4596,15721.7527,15312.2255,16131.2770
2023-11-17,^NYA,15881.6294,15819.0210,15406.9706,16231.0724
2023-11-20,^NYA,15861.5701,15886.9461,15473.1193,16300.7738
2023-11-21,^NYA,15907.8904,15867.2410,15453.9359,16280.5460
2023-11-22,^NYA,15983.8202,15914.9802,15500.4682,16329.4921
2023-11-24,^NYA,15930.8897,15992.1413,15575.6517,16408.6318
2023-11-27,^NYA,15929.1501,15939.3274,15524.2171,16354.4387
2023-11-28,^NYA,15962.9907,15938.0543,15522.9884,16353.1203
2023-11-29,^NYA,16088.8391,15972.6381,15556.6904,16388.5858
2023-11-30,^NYA,16263.7501,16098.5139,15679.2869,16517.7409
2023-12-01,^NYA,16232.8205,16272.3001,15848.5155,16696.0847
2023-12-04,^NYA,16123.0400,16240.6884,15817.7107,16663.6671
2023-12-05,^NYA,16092.3704,16132.3484,15712.2302,16552.4665
2023-12-06,^NYA,16136.8492,16103.9321,15684.6131,16523.2510
2023-12-07,^NYA,16207.7597,16150.4422,15729.9652,16570.9202
2023-12-08,^NYA,16274.4409,16221.3696,15799.0429,16643.6933
2023-12-11,^NYA,16285.9411,16287.1925,15863.1303,16711.2556
2023-12-12,^NYA,16560.7118,16297.7618,15873.4000,16722.1247
2023-12-13,^NYA,16723.9192,16572.1948,16140.6723,17003.7173
2023-12-14,^NYA,16609.8395,16733.1525,16297.3782,17168.9278
2023-12-15,^NYA,16656.7590,16618.8055,16186.0038,17051.6082
2023-12-18,^NYA,16798.3995,16668.2010,16234.1767,17102.2263
2023-12-19,^NYA,16534.7209,16811.4028,16373.6868,17249.1188
2023-12-20,^NYA,16724.9193,16547.7240,16116.8787,16978.5693
2023-12-21,^NYA,16770.4496,16741.9068,16306.1045,17177.7061
2023-12-22,^NYA,16859.4893,16787.2384,16350.2518,17224.2261
2023-12-26,^NYA,16898.3398,16875.7516,16436.4448,17315.0594
2023-12-27,^NYA,16890.5802,16913.5327,16473.2136,17353.8529
2023-12-28,^NYA,16852.8911,16906.0600,16465.9431,17346.1779
2023-12-29,^NYA,16841.6190,16869.3586,16430.2227,17308.4944
2024-01-02,^NYA,16718.6499,16860.0958,16421.2536,17298.9379
2024-01-03,^NYA,16715.7107,16738.4969,16302.8589,17174.1348
2024-01-04,^NYA,16758.2405,16738.4831,16302.9228,17174.0445
2024-01-05,^NYA,16885.3683,16782.1212,16345.4506,17218.7887
2024-01-08,^NYA,16773.0698,16907.5955,16467.6134,17347.5777
2024-01-09,^NYA,16818.8810,16791.9596,16354.9047,17229.0156
2024-01-10,^NYA,16781.1193,16836.9897,16398.7401,17275.2394
2024-01-11,^NYA,16799.5394,16797.7330,16360.4673,17234.9987
2024-01-12,^NYA,16639.3812,16814.9555,16377.2099,17252.7012
2024-01-16,^NYA,16522.8303,16653.5614,16219.9890,17087.1338
2024-01-17,^NYA,16616.2892,16537.2776,16106.7432,16967.8131
2024-01-18,^NYA,16729.5501,16633.0309,16200.0592,17065.9997
2024-01-19,^NYA,16779.4905,16743.9697,16308.0477,17179.8917
2024-01-22,^NYA,16800.8591,16789.6016,16352.3793,17226.8249
2024-01-23,^NYA,16769.2499,16808.4521,16370.6720,17246.2321
2024-01-24,^NYA,16889.5189,16775.0173,16338.0618,17211.9737
2024-01-25,^NYA,16949.1098,16894.3315,16454.2422,17334.4218
2024-01-26,^NYA,17040.5992,16952.7584,16511.1154,17394.4014
2024-01-29,^NYA,17089.4608,17043.6000,16599.5740,17487.6270
2024-01-30,^NYA,16911.1306,17092.2010,16646.9008,17537.5012
2024-01-31,^NYA,17115.5798,16913.6488,16472.9964,17354.3022
2024-02-01,^NYA,17101.9710,17119.4241,16673.4433,17565.4048
2024-02-02,^NYA,17004.7791,17106.5680,16660.9429,17552.1941
2024-02-05,^NYA,17135.4804,17010.0559,16566.9633,17453.1495
2024-02-06,^NYA,17212.3210,17142.7832,16696.2839,17589.2825
2024-02-07,^NYA,17252.3194,17219.2679,16770.7674,17667.7695
2024-02-08,^NYA,17275.8688,17259.2121,16809.6693,17708.7559
2024-02-09,^NYA,17332.4606,17283.3511,16833.1947,17733.5085
2024-02-12,^NYA,17068.5392,17340.9509,16889.3179,17792.5809
2024-02-13,^NYA,17240.1888,17077.1867,16632.4317,17521.9417
2024-02-14,^NYA,17434.9291,17251.7766,16802.5499,17701.0043
2024-02-15,^NYA,17409.3009,17447.3502,16993.0482,17901.6523
2024-02-16,^NYA,17340.1698,17418.7478,16965.1146,17872.3820
2024-02-20,^NYA,17382.6800,17350.2388,16898.4070,17802.0717
2024-02-21,^NYA,17565.0706,17393.4716,16940.5321,17846.4122
2024-02-22,^NYA,17616.0196,17575.8812,17118.1891,18033.5743
2024-02-23,^NYA,17566.6098,17624.6883,17165.6686,18083.7090
2024-02-26,^NYA,17598.3204,17574.7764,17117.0431,18032.5096
2024-02-27,^NYA,17573.6891,17607.1524,17148.5929,18065.7119
2024-02-28,^NYA,17607.4307,17583.2424,17125.3257,18041.1601
2024-02-29,^NYA,17728.2694,17617.4019,17158.6050,18076.1967
2024-03-01,^NYA,17748.6995,17737.9911,17276.0454,18199.9367
2024-03-04,^NYA,17669.4907,17756.8282,17294.3513,18219.3061
2024-03-05,^NYA,17801.0392,17676.6708,17216.2568,18137.0848
2024-03-06,^NYA,17927.6193,17809.0031,17345.1614,18272.8449
2024-03-07,^NYA,17889.6187,17936.1656,17469.0255,18403.3056
2024-03-08,^NYA,17863.6898,17897.6591,17431.5102,18363.8090
2024-03-11,^NYA,17974.0602,17871.9818,17406.5086,18337.4560
2024-03-12,^NYA,18018.6303,17983.4947,17515.1456,18451.8449
2024-03-13,^NYA,17886.2697,18028.1486,17558.6370,18497.6601
2024-03-14,^NYA,17848.0806,17895.9093,17429.8477,18361.9719
2024-03-15,^NYA,17882.3098,17858.4822,17393.4147,18323.5497
2024-03-18,^NYA,17975.7894,17894.6533,17428.6949,18360.6128
2024-03-19,^NYA,18130.0808,17988.0035,17519.6093,18456.3987
2024-03-20,^NYA,18214.1191,18140.6271,17668.2115,18613.0427
2024-03-21,^NYA,18112.0391,18223.2234,17748.6169,18697.8266
2024-03-22,^NYA,18077.1509,18120.1790,17648.2345,18592.1244
2024-03-25,^NYA,18059.1898,18085.3199,17614.2835,18556.3563
2024-03-26,^NYA,18255.2406,18068.8965,17598.3281,18539.4649
2024-03-27,^NYA,18312.6700,18266.0276,17790.3507,18741.7045
2024-03-28,^NYA,18216.1894,18321.4064,17844.2331,18798.5798
2024-04-01,^NYA,18107.5289,18223.9484,17749.2890,18698.6077
2024-04-02,^NYA,18146.6407,18115.8032,17643.9741,18587.6290
2024-04-03,^NYA,17982.4901,18156.9939,17684.1479,18629.8410
2024-04-04,^NYA,18122.2603,17993.5559,17524.9861,18462.1257
2024-04-05,^NYA,18154.3689,18135.6712,17663.4604,18607.8830
2024-04-08,^NYA,18171.1999,18166.9278,17693.8804,18639.9763
2024-04-09,^NYA,17947.3011,18182.0258,17708.5387,18655.5128
2024-04-10,^NYA,17915.1989,17957.4098,17489.7569,18425.0606
2024-04-11,^NYA,17639.0394,17927.2636,17460.4460,18394.0779
2024-04-12,^NYA,17506.9293,17653.1842,17193.5647,18112.8047
2024-04-15,^NYA,17413.9804,17525.2263,17069.0471,17981.4024
2024-04-16,^NYA,17403.4390,17438.0361,16984.2799,17891.7923
2024-04-17,^NYA,17388.0901,17429.5220,16976.0405,17883.0035
2024-04-18,^NYA,17458.7689,17411.9480,16958.8665,17865.0296
2024-04-19,^NYA,17602.1904,17479.6403,17024.7181,17934.5635
2024-04-22,^NYA,17792.7590,17618.0152,17159.3548,18076.6755
2024-04-23,^NYA,17758.0804,17803.5093,17339.8822,18267.1332
2024-04-24,^NYA,17731.5603,17765.3009,17302.5785,18228.0233
2024-04-25,^NYA,17763.2692,17738.3711,17276.3397,18200.4025
2024-04-26,^NYA,17831.0713,17770.0986,17307.2421,18232.9562
2024-04-29,^NYA,17603.3400,17837.8404,17373.2172,18302.4647
2024-04-30,^NYA,17576.3911,17609.6038,17150.9145,18068.2941
2024-05-01,^NYA,17699.0498,17584.3485,17126.3604,18042.3366
2024-05-02,^NYA,17797.8907,17710.5455,17249.3602,18171.7276
2024-05-03,^NYA,17963.8395,17807.0966,17343.3368,18270.8563
2024-05-06,^NYA,17994.2699,17970.7760,17502.6922,18438.8599
2024-05-07,^NYA,17996.0285,17998.3881,17529.5124,18467.2649
2024-05-08,^NYA,18127.2119,17999.0992,17530.1766,18468.0218
2024-05-09,^NYA,18162.0516,18129.6096,17657.2687,18601.9504
2024-05-10,^NYA,18133.9491,18163.4169,17690.1683,18636.6656
2024-05-13,^NYA,18220.8099,18135.2290,17662.7126,18607.7454
2024-05-14,^NYA,18378.4912,18222.9718,17748.1931,18697.7515
2024-05-15,^NYA,18317.3809,18380.8191,17901.9318,18859.7076
2024-05-16,^NYA,18388.2606,18319.2806,17841.9856,18796.5767
2024-05-17,^NYA,18335.6187,18391.6816,17912.5386,18870.8245
2024-05-20,^NYA,18337.9098,18340.5830,17862.8128,18818.3544
2024-05-21,^NYA,18236.6403,18344.4639,17866.6340,18822.2949
2024-05-22,^NYA,18028.4704,18245.5126,17770.3204,18720.7049
2024-05-23,^NYA,18110.5987,18039.8333,17570.0664,18509.6013
2024-05-24,^NYA,18007.0099,18127.2473,17655.3404,18599.1553
2024-05-28,^NYA,17794.8911,18024.8824,17555.6726,18494.0890
2024-05-29,^NYA,17852.3592,17814.0461,17350.3635,18277.7255
2024-05-30,^NYA,18083.6890,17875.1946,17410.0156,18340.3736
2024-05-31,^NYA,18006.9611,18104.6368,17633.4300,18575.8436
2024-06-03,^NYA,17934.4907,18019.7160,17550.5085,18488.9235
2024-06-04,^NYA,18045.4994,17946.8327,17479.5136,18414.1518
2024-06-05,^NYA,18066.5709,18057.7855,17587.5748,18527.9971
2024-06-06,^NYA,17985.6309,18076.2426,17605.4819,18547.0033
2024-06-07,^NYA,18037.5298,17993.5188,17524.8682,18462.1705
2024-06-10,^NYA,17919.1091,18045.1519,17575.1490,18515.1559
2024-06-11,^NYA,18005.9492,17925.6566,17458.7393,18392.5749
2024-06-12,^NYA,17923.4097,18012.2212,17543.0401,18481.4023
2024-06-13,^NYA,17817.2599,17928.3565,17461.3261,18395.3869
2024-06-14,^NYA,17902.2509,17821.8391,17357.5757,18286.1035
2024-06-17,^NYA,17967.8505,17908.3728,17441.8948,18374.8518
2024-06-18,^NYA,18015.9489,17972.8339,17504.6466,18441.0222
2024-06-20,^NYA,17995.6892,18018.8808,17549.4402,18488.3225
2024-06-21,^NYA,18126.6893,17997.2748,17528.3600,18466.1864
2024-06-24,^NYA,18050.9996,18128.1286,17655.8014,18600.4558
2024-06-25,^NYA,17993.7888,18051.2044,17580.8494,18521.5594
2024-06-26,^NYA,18009.0895,17993.6679,17524.8047,18462.5310
2024-06-27,^NYA,18026.5008,18010.3393,17541.0753,18479.6001
2024-06-28,^NYA,17957.0510,18028.0494,17558.3339,18497.7660
2024-07-01,^NYA,18028.1695,17958.1639,17490.2570,18426.0709
2024-07-02,^NYA,18091.6508,18029.9129,17560.1528,18499.6730
2024-07-03,^NYA,18098.9012,18092.9897,17621.5766,18564.4039
2024-07-05,^NYA,18087.8688,18099.6491,17628.0470,18571.2522
2024-07-08,^NYA,18048.5803,18088.4492,17617.1346,18559.7649
2024-07-09,^NYA,18215.1795,18049.5096,17579.2187,18519.8015
2024-07-10,^NYA,18379.7406,18217.5118,17742.8777,18692.1426
2024-07-11,^NYA,18505.9198,18381.9926,17903.0705,18860.9114
2024-07-12,^NYA,18525.0907,18507.9275,18025.7186,18990.1363
2024-07-15,^NYA,18781.2202,18527.5720,18044.8648,19010.2804
2024-07-16,^NYA,18712.4810,18783.5872,18294.2049,19272.9696
2024-07-17,^NYA,18513.7406,18714.6108,18227.0196,19202.2020
2024-07-18,^NYA,18406.0503,18516.9227,18034.5101,18999.3354
2024-07-19,^NYA,18539.1405,18413.1753,17933.5698,18892.7818
2024-07-22,^NYA,18518.3397,18552.9202,18069.8468,19035.9947
2024-07-23,^NYA,18308.4198,18531.4108,18048.8794,19013.9433
2024-07-24,^NYA,18344.4601,18322.5256,17845.4630,18799.5882
2024-07-25,^NYA,18564.4801,18362.4170,17884.4164,18840.4187
2024-07-26,^NYA,18539.3689,18583.8868,18100.1520,19067.6215
2024-07-29,^NYA,18580.5802,18553.2262,18070.1458,19036.3067
2024-07-30,^NYA,18710.0101,18594.7316,18110.5773,19078.8858
2024-07-31,^NYA,18493.2309,18723.2428,18235.7171,19210.7696
2024-08-01,^NYA,18162.2602,18504.1342,18022.2560,18986.0124
2024-08-02,^NYA,17725.1793,18173.5443,17700.2902,18646.7984
2024-08-05,^NYA,17922.5514,17742.7134,17280.8494,18204.5785
2024-08-06,^NYA,17838.8104,17953.5647,17486.5567,18420.5727
2024-08-07,^NYA,18186.1190,17865.2606,17400.4357,18330.0866
2024-08-08,^NYA,18267.1508,18213.0235,17739.1477,18686.8993
2024-08-09,^NYA,18206.3906,18277.0063,17801.0201,18752.9935
2024-08-12,^NYA,18402.3100,18215.6538,17741.2498,18690.0578
2024-08-13,^NYA,18498.0908,18411.6141,17932.1061,18891.1232
2024-08-14,^NYA,18706.5201,18502.2686,18020.2638,18984.2734
2024-08-15,^NYA,18753.7686,18710.2302,18222.7955,19197.6661
2024-08-16,^NYA,18882.0384,18755.6966,18267.0296,19244.3637
2024-08-19,^NYA,18802.2408,18884.8550,18392.8467,19376.8643
2024-08-20,^NYA,18902.5004,18805.0218,18315.0929,19294.9519
2024-08-21,^NYA,18850.8498,18907.2906,18414.7481,19399.8332
2024-08-22,^NYA,19093.4794,18856.2856,18365.0889,19347.4800
2024-08-23,^NYA,19100.3999,19100.9530,18603.4341,19598.4696
2024-08-26,^NYA,19119.3104,19105.0431,18607.3427,19602.7400
2024-08-27,^NYA,19064.4297,19126.3100,18628.1169,19624.4997
2024-08-28,^NYA,19149.5384,19071.7976,18575.0368,19568.5596
2024-08-29,^NYA,19292.2302,19159.0835,18660.1050,19658.0631
2024-08-30,^NYA,19017.4201,19302.6233,18799.9256,19805.3211
2024-09-03,^NYA,19001.9201,19026.7851,18531.2492,19522.3221
2024-09-04,^NYA,18878.0200,19015.2824,18520.1504,19510.4155
2024-09-05,^NYA,18663.1401,18895.7755,18403.8708,19387.6801
2024-09-06,^NYA,18859.6901,18683.1729,18196.8685,19169.4784
2024-09-09,^NYA,18822.2212,18884.2538,18392.8268,19375.6809
2024-09-10,^NYA,18866.6319,18841.1560,18350.7053,19331.6067
2024-09-11,^NYA,18987.9011,18883.5484,18391.9405,19375.1563
2024-09-12,^NYA,19121.5010,19001.7125,18506.9447,19496.4803
2024-09-13,^NYA,19256.3802,19131.4157,18633.1666,19629.6647
2024-09-16,^NYA,19225.7790,19263.6233,18761.8597,19765.3869
2024-09-17,^NYA,19195.5607,19230.8696,18729.9045,19731.8358
2024-09-18,^NYA,19432.4191,19199.6223,18699.4434,19699.7988
2024-09-19,^NYA,19373.7400,19436.2630,18929.9124,19942.6137
2024-09-20,^NYA,19445.4303,19375.4285,18870.6080,19880.2501
2024-09-23,^NYA,19506.5504,19446.6699,18939.9814,19953.3595
2024-09-24,^NYA,19381.1800,19507.6739,18999.3928,20015.9562
2024-09-25,^NYA,19501.7211,19382.1963,18877.1819,19887.2118
2024-09-26,^NYA,19501.2209,19505.2172,18997.0619,20013.3736
2024-09-27,^NYA,19516.4384,19505.6702,18997.5280,20013.8136
2024-09-30,^NYA,19473.9301,19522.7095,19014.1695,20031.2494
2024-10-01,^NYA,19481.7902,19482.1268,18974.6945,19989.5568
2024-10-02,^NYA,19387.6792,19491.8497,18984.2127,19999.4868
2024-10-03,^NYA,19538.6791,19399.4182,18894.2334,19904.6031
2024-10-04,^NYA,19432.3008,19552.0423,19042.9228,20061.1617
2024-10-07,^NYA,19435.0296,19444.4046,18938.0570,19950.7521
2024-10-08,^NYA,19547.0900,19447.1672,18940.7485,19953.5859
2024-10-09,^NYA,19496.0096,19559.9036,19050.5661,20069.2422
2024-10-10,^NYA,19711.2196,19507.0865,18999.0788,20015.0918
2024-10-11,^NYA,19814.5514,19722.2317,19208.6163,20235.8471
2024-10-14,^NYA,19678.7112,19822.9621,19306.6543,20339.2700
2024-10-15,^NYA,19825.4906,19685.3498,19172.5815,20198.1181
2024-10-16,^NYA,19855.2594,19831.9305,19315.3376,20348.5233
2024-10-17,^NYA,19884.8109,19861.7878,19344.4203,20379.1564
2024-10-18,^NYA,19720.3200,19890.4712,19372.3338,20408.6098
2024-10-21,^NYA,19664.5806,19725.8448,19211.9923,20239.6973
2024-10-22,^NYA,19594.2400,19671.5588,19159.1587,20183.9588
2024-10-23,^NYA,19560.7306,19603.9619,19093.3947,20114.5291
2024-10-24,^NYA,19456.2696,19572.4199,19062.7258,20082.1139
2024-10-25,^NYA,19549.6705,19469.7427,18962.7718,19976.7149
2024-10-28,^NYA,19456.6899,19565.1911,19055.7852,20074.5969
2024-10-29,^NYA,19416.2690,19471.0443,18964.0613,19978.0274
2024-10-30,^NYA,19238.9492,19431.3167,18925.3869,19937.2466
2024-10-31,^NYA,19253.5379,19254.6457,18753.3374,19755.9551
2024-11-01,^NYA,19243.3908,19271.1937,18769.5053,19772.8833
2024-11-04,^NYA,19463.7881,19261.0888,18759.6636,19762.5139
2024-11-05,^NYA,19828.0010,19479.9497,18972.7828,19987.1178
2024-11-06,^NYA,19876.0986,19838.6720,19322.0149,20355.3303
2024-11-07,^NYA,19937.1310,19881.4166,19363.5050,20399.3282
2024-11-08,^NYA,20015.8683,19942.0649,19422.5630,20461.5668
2024-11-11,^NYA,19853.2890,20019.4005,19497.8481,20540.9541
2024-11-12,^NYA,19845.4198,19855.8972,19338.5799,20373.2144
2024-11-13,^NYA,19733.5799,19849.2359,19332.1249,20366.3481
2024-11-14,^NYA,19645.7699,19739.7999,19225.6007,20253.9955
2024-11-15,^NYA,19718.4194,19654.9219,19143.0120,20166.8318
2024-11-18,^NYA,19718.2495,19731.3906,19217.5888,20245.1936
2024-11-19,^NYA,19749.1298,19730.9526,19217.1541,20244.7512
2024-11-20,^NYA,19968.3002,19761.8251,19247.2208,20276.4260
2024-11-21,^NYA,20123.4486,19980.4218,19460.1077,20500.7359
2024-11-22,^NYA,20220.3601,20132.3252,19607.9671,20656.6796
2024-11-25,^NYA,20219.4494,20228.0873,19701.2065,20754.9693
2024-11-26,^NYA,20209.8199,20227.9553,19701.0982,20754.8136
2024-11-27,^NYA,20272.0403,20219.7390,19693.1304,20746.3440
2024-11-29,^NYA,20213.2211,20282.2831,19754.0545,20810.5117
2024-12-02,^NYA,20185.8103,20223.2374,19696.5402,20749.9310
2024-12-03,^NYA,20188.5995,20195.8065,19669.8247,20721.7882
2024-12-04,^NYA,20157.4393,20199.2924,19673.2392,20725.3469
2024-12-05,^NYA,20107.7896,20168.6709,19643.4284,20693.9134
2024-12-06,^NYA,20006.2602,20119.6760,19595.7272,20643.6247
2024-12-09,^NYA,19881.8999,20019.4747,19498.1715,20540.7779
2024-12-10,^NYA,19891.0300,19897.1378,19379.0750,20415.2006
2024-12-11,^NYA,19769.0894,19909.3634,19391.0627,20427.6640
2024-12-12,^NYA,19729.3695,19788.1599,19273.0367,20303.2832
2024-12-13,^NYA,19627.6802,19749.6474,19235.5592,20263.7357
2024-12-16,^NYA,19517.6096,19648.1202,19136.6828,20159.5587
2024-12-17,^NYA,18986.9611,19538.1284,19029.5591,20046.6988
2024-12-18,^NYA,18958.2109,19007.9587,18513.2165,19502.7020
2024-12-19,^NYA,19119.4390,18987.9027,18493.9097,19481.8969
2024-12-20,^NYA,19207.1095,19156.7434,18658.5480,19654.9387
2024-12-23,^NYA,19341.4807,19235.7577,18735.2779,19736.2374
2024-12-24,^NYA,19364.5004,19364.5442,18860.5643,19868.5253
2024-12-26,^NYA,19238.4806,19382.0602,18877.4805,19886.6411
2024-12-27,^NYA,19077.9295,19253.9793,18752.6821,19755.2765
2024-12-30,^NYA,19097.0995,19093.7700,18596.6562,19590.8837
2024-12-31,^NYA,19095.4195,19115.7537,18618.1416,19613.3669
2025-01-02,^NYA,19254.2888,19114.5276,18616.9582,19612.0971
2025-01-03,^NYA,19261.4205,19272.8694,18771.1603,19774.5785
2025-01-06,^NYA,19213.8806,19276.3724,18774.4775,19778.2673
2025-01-07,^NYA,19240.7412,19228.1642,18727.5081,19728.8204
2025-01-08,^NYA,18963.0095,19255.4037,18754.0488,19756.7598
2025-01-10,^NYA,19047.3312,18977.0908,18482.9727,19471.2101
2025-01-13,^NYA,19176.6509,19063.0814,18566.7650,19559.3977
2025-01-14,^NYA,19422.7100,19193.1098,18693.4249,19692.7959
2025-01-15,^NYA,19548.6299,19435.2556,18929.1579,19941.3533
2025-01-16,^NYA,19607.3680,19556.3584,19046.9796,20065.7372
2025-01-17,^NYA,19893.5907,19613.8343,19102.9250,20124.7436
2025-01-21,^NYA,19827.6194,19899.6633,19381.2959,20418.0306
2025-01-22,^NYA,19978.7784,19831.4908,19314.8424,20348.1391
2025-01-23,^NYA,19997.4705,19982.9543,19462.3684,20503.5415
2025-01-24,^NYA,19980.0004,20001.0823,19480.0081,20522.1565
2025-01-27,^NYA,19970.6312,19984.1872,19463.5682,20504.8062
2025-01-28,^NYA,19927.4702,19976.5492,19456.1744,20496.9241
2025-01-29,^NYA,20166.2196,19935.4858,19416.2356,20454.7360
2025-01-30,^NYA,19998.8205,20176.5267,19651.0565,20701.9980
2025-01-31,^NYA,19870.3298,20007.5960,19486.4878,20528.7053
2025-02-03,^NYA,19964.6102,19881.8326,19364.0701,20399.5915
2025-02-04,^NYA,20128.8914,19981.2311,19461.0131,20501.4490
2025-02-05,^NYA,20157.5797,20146.3810,19621.8835,20670.8796
2025-02-06,^NYA,20039.4801,20173.3916,19648.1455,20698.6378
2025-02-07,^NYA,20117.8815,20055.2304,19533.0616,20577.3993
2025-02-10,^NYA,20168.2103,20134.6326,19610.4208,20658.8443
2025-02-11,^NYA,20062.3103,20184.0933,19658.5702,20709.6165
2025-02-12,^NYA,20181.2885,20076.2824,19553.5198,20599.0461
2025-02-13,^NYA,20130.4907,20195.0069,19669.1442,20720.8709
2025-02-14,^NYA,20240.3912,20142.4553,19617.9151,20666.9956
2025-02-18,^NYA,20228.1997,20251.2412,19723.8360,20778.6427
2025-02-19,^NYA,20149.8496,20237.1792,19710.0942,20764.2655
2025-02-20,^NYA,19881.5287,20157.5578,19632.5143,20682.6025
2025-02-21,^NYA,19859.1997,19889.5164,19371.4633,20407.5695
2025-02-24,^NYA,19924.0518,19870.4444,19352.9731,20387.9156
2025-02-25,^NYA,19932.8506,19938.7623,19419.6013,20457.9234
2025-02-26,^NYA,19808.1500,19945.3412,19425.9508,20464.7316
2025-02-27,^NYA,20028.1896,19818.6748,19302.5337,20334.8158
2025-02-28,^NYA,19823.4800,20038.7949,19516.9203,20560.6696
2025-03-03,^NYA,19495.5601,19829.8113,19313.2720,20346.3519
2025-03-04,^NYA,19754.5692,19503.4809,18995.4850,20011.4768
2025-03-05,^NYA,19506.3397,19769.6748,19254.9287,20284.4174
2025-03-06,^NYA,19573.0607,19518.1944,19009.9176,20026.4712
2025-03-07,^NYA,19202.3812,19589.5732,19079.5579,20099.5886
2025-03-10,^NYA,19052.1311,19218.1322,18717.7768,19718.4887
2025-03-11,^NYA,19051.6403,19074.8678,18578.4274,19571.3092
2025-03-12,^NYA,18875.5291,19081.3539,18584.9263,19577.7825
2025-03-13,^NYA,19231.3504,18904.1781,18412.3394,19396.0178
2025-03-14,^NYA,19494.7115,19262.6820,18761.5706,19763.7933
2025-03-17,^NYA,19421.5797,19511.3225,19003.3499,20019.2963
2025-03-18,^NYA,19581.3196,19432.5867,18926.5196,19938.6549
2025-03-19,^NYA,19537.2690,19594.8241,19084.5947,20105.0547
2025-03-20,^NYA,19454.3004,19547.5638,19038.4811,20056.6465
2025-03-21,^NYA,19704.2106,19465.0963,18958.1755,19972.0172
2025-03-24,^NYA,19678.4397,19716.3079,19202.8740,20229.7383
2025-03-25,^NYA,19585.8299,19686.8869,19174.1268,20199.6481
2025-03-26,^NYA,19534.7210,19595.7811,19085.4341,20106.1291
2025-03-27,^NYA,19270.3003,19545.8683,19036.8520,20054.8846
2025-03-28,^NYA,19395.8588,19283.1651,18781.0388,19785.2914
2025-03-31,^NYA,19398.2802,19412.4977,18907.0997,19917.8957
2025-04-01,^NYA,19532.7393,19413.1068,18907.6469,19918.5678
2025-04-02,^NYA,18767.1894,19545.2977,19036.3330,20054.2625
2025-04-03,^NYA,17618.6091,18774.4873,18285.4716,19263.5040
2025-04-04,^NYA,17438.6408,17635.1871,17176.0989,18094.2752
2025-04-07,^NYA,17188.4606,17481.3090,17026.9113,17935.7077
2025-04-08,^NYA,18398.4794,17251.9622,16804.0835,17699.8421
2025-04-09,^NYA,17890.5707,18474.5409,17995.1316,18953.9480
2025-04-10,^NYA,18219.6493,17877.9243,17411.7497,18344.0979
2025-04-11,^NYA,18432.2497,18270.2916,17795.5410,18745.0390
2025-04-14,^NYA,18430.0395,18449.8679,17969.5798,18930.1571
2025-04-15,^NYA,18245.6499,18446.9540,17966.7224,18927.1856
2025-04-16,^NYA,18367.1183,18267.0746,17791.6487,18742.5016
2025-04-17,^NYA,18032.3694,18394.2233,17915.6312,18872.8155
2025-04-21,^NYA,18455.1404,18053.1281,17583.2585,18522.9976
2025-04-22,^NYA,18631.0898,18488.8274,18007.9428,18969.7131
2025-04-23,^NYA,18895.4109,18646.6990,18161.2286,19132.1694
2025-04-24,^NYA,18899.8003,18913.3356,18420.9778,19405.6934
2025-04-25,^NYA,18971.7311,18912.7873,18420.3151,19405.2595
2025-04-28,^NYA,19089.2119,18984.9066,18490.5601,19479.2508
2025-04-29,^NYA,19114.2404,19098.3020,18600.8943,19595.7097
2025-04-30,^NYA,19049.8403,19118.7450,18620.6863,19616.8049
2025-05-01,^NYA,19386.6806,19056.2370,18559.8552,19552.6188
2025-05-02,^NYA,19303.2303,19392.5105,18887.3517,19897.6693
2025-05-05,^NYA,19182.1603,19304.8620,18801.8776,19807.8463
2025-05-06,^NYA,19262.3819,19186.5026,18686.6741,19686.3322
2025-05-07,^NYA,19314.1798,19268.2822,18766.3623,19770.2022
2025-05-08,^NYA,19319.1990,19318.7523,18815.4826,19822.0220
2025-05-09,^NYA,19711.5500,19323.0982,18819.6966,19826.4964
2025-05-12,^NYA,19723.3820,19713.8277,19200.2049,20227.4517
2025-05-13,^NYA,19628.4613,19721.4893,19207.5571,20235.4204
2025-05-14,^NYA,19784.6887,19629.2237,19117.7660,20140.6826
2025-05-15,^NYA,19934.0615,19787.0692,19271.5406,20302.5989
2025-05-16,^NYA,19975.0902,19935.8879,19416.4660,20455.3099
2025-05-19,^NYA,19942.2112,19975.9780,19455.4870,20496.4691
2025-05-20,^NYA,19607.8109,19943.9701,19424.3358,20463.6044
2025-05-21,^NYA,19564.7106,19610.7627,19099.8419,20121.6835
2025-05-22,^NYA,19534.8401,19573.5550,19063.7584,20083.3528
2025-05-23,^NYA,19829.8905,19548.3046,19039.2852,20057.3240
2025-05-27,^NYA,19678.9398,19844.1308,19327.4232,20360.8384
2025-05-28,^NYA,19743.8485,19685.6628,19172.8898,20198.4371
2025-05-29,^NYA,19783.8099,19755.6037,19241.1382,20270.0693
2025-05-30,^NYA,19834.7688,19793.7772,19278.2715,20309.2841
2025-06-02,^NYA,19912.3815,19843.8066,19326.9719,20360.6389
2025-06-03,^NYA,19887.3201,19920.3044,19401.4474,20439.1614
2025-06-04,^NYA,19883.2888,19893.4558,19375.2518,20411.6598
2025-06-05,^NYA,20045.3588,19888.7075,19370.6085,20406.8065
2025-06-06,^NYA,20034.4604,20050.8602,19528.5382,20573.1822
2025-06-09,^NYA,20114.8103,20038.1795,19516.1427,20560.2176
2025-06-10,^NYA,20119.0907,20118.5656,19594.4339,20642.6973
2025-06-11,^NYA,20199.4908,20122.4740,19598.2319,20646.7172
2025-06-12,^NYA,19981.0708,20202.7458,19676.4076,20729.0840
2025-06-13,^NYA,20087.9618,19984.4884,19463.8415,20505.1352
2025-06-16,^NYA,19918.2793,20093.5549,19570.1228,20616.9870
2025-06-17,^NYA,19901.1311,19926.0698,19407.0603,20445.0805
2025-06-18,^NYA,19868.3597,19911.0736,19392.5109,20429.6375
2025-06-20,^NYA,20008.1786,19880.7940,19363.0840,20398.5039
2025-06-23,^NYA,20217.3392,20021.6892,19500.3372,20543.0425
2025-06-24,^NYA,20087.4490,20227.7828,19700.9807,20754.5861
2025-06-25,^NYA,20256.1998,20094.5852,19571.1676,20618.0039
2025-06-26,^NYA,20338.4110,20264.1099,19736.2940,20791.9257
2025-06-27,^NYA,20429.5506,20345.4607,19815.5038,20875.4187
2025-06-30,^NYA,20541.3694,20435.8998,19903.5669,20968.2328
2025-07-01,^NYA,20596.9306,20547.6673,20012.4207,21082.9138
2025-07-02,^NYA,20725.7887,20602.5966,20065.9036,21139.2909
2025-07-03,^NYA,20545.5992,20730.9899,20190.9391,21271.0419
2025-07-07,^NYA,20541.9613,20550.2164,20014.8608,21085.5732
2025-07-08,^NYA,20608.2302,20547.5172,20012.2553,21082.7792
2025-07-09,^NYA,20678.1086,20616.5734,20079.5859,21153.5622
2025-07-10,^NYA,20547.6702,20686.8208,20148.0124,21225.6304
2025-07-11,^NYA,20581.4482,20556.7795,20021.3700,21092.1902
2025-07-14,^NYA,20374.3812,20593.7388,20057.4491,21130.0297
2025-07-15,^NYA,20485.7396,20388.4607,19857.5654,20919.3560
2025-07-16,^NYA,20589.5193,20503.7091,19969.9133,21037.5062
